indice_tiempo,reservas_internacionales_dolares,pasivos_monetarios,pasivos_monetarios_letras_pesos,pasivos_monetarios_letras_dolares,letras_liquidez_saldo_pesos,posicion_neta_pases,otros_depositos_gobierno,redescuentos_adelantos_iliquidez,tipo_cambio_valuacion,pos_neta_det_des_pases_pasivos,pos_neta_det_des_pases_activos
2003-01-01,9914.678687358577,30618.966666666667,3053.308808160633,631.8725412583805,,-200.43333333333334,168.1,20173.433333333334,3.264753333333333,0.0,200.43333333333334
2003-02-01,9652.298526595949,30578.14285714286,3539.4503537183205,613.141133419735,,-214.5,820.1428571428571,20155.85714285714,3.168289285714287,0.0,214.5
2003-03-01,10372.90784604361,31842.483870967742,3577.06788325313,586.6874128034435,,-203.93548387096774,936.258064516129,20702.83870967742,3.075029032258063,0.0,203.93548387096774
2003-04-01,10588.020444040158,32402.1,3752.398900137366,576.2455905165666,,-201.36666666666667,344.8666666666667,21893.3,2.905170000000001,0.0,201.36666666666667
2003-05-01,11086.90241399202,35098.0,4093.677545529903,503.34436023518964,,-126.64516129032258,428.5483870967742,21726.1935483871,2.8324258064516123,0.0,126.64516129032258
2003-06-01,11763.2240455048,38417.2,4652.305174719901,460.85792180450863,,-57.833333333333336,659.8666666666667,21759.966666666667,2.8147966666666666,0.0,57.833333333333336
2003-07-01,12774.127011769313,40390.16129032258,6089.133174803484,360.06700181458524,,-57.61290322580645,1148.7096774193549,21746.8064516129,2.792816129032259,0.0,57.61290322580645
2003-08-01,13401.699312039253,41738.16129032258,6791.275901001998,353.0484541445468,,-55.67741935483871,2220.935483870968,21519.58064516129,2.928093548387096,0.0,55.67741935483871
2003-09-01,12453.720851956186,42736.833333333336,6927.922896958267,421.8061166903382,,-47.666666666666664,2869.633333333333,21505.933333333334,2.9215066666666667,0.0,47.666666666666664
2003-10-01,13246.862766708391,44949.12903225807,7646.738075487809,300.1152924713296,,-47.96774193548387,568.6774193548387,21438.225806451614,2.860151612903226,0.0,47.96774193548387
2003-11-01,13284.74882204064,46758.166666666664,8243.25070357267,251.04343616913332,,-44.86666666666667,540.1333333333333,21391.5,2.88042,0.0,44.86666666666667
2003-12-01,13819.940827908611,49112.096774193546,8506.164901280197,252.9866720443232,,-45.70967741935484,559.1612903225806,21381.612903225807,2.9627032258064507,0.0,45.70967741935484
2004-01-01,14484.209117649532,50851.67741935484,9463.553395961582,635.5596303820183,,-45.12903225806452,184.0,21383.935483870966,2.8980032258064523,0.0,45.12903225806452
2004-02-01,15009.087325567705,51041.137931034486,10492.919234738723,625.2527052531148,,-43.724137931034484,371.7586206896552,21361.655172413793,2.934262068965518,0.0,43.724137931034484
2004-03-01,13506.765777186827,48868.3870967742,11025.580256589137,618.6642494692354,,-45.29032258064516,699.258064516129,21284.967741935485,2.8996354838709673,0.0,45.29032258064516
2004-04-01,15254.769426696332,50918.26666666667,11606.884772671367,608.411639782914,,-40.13333333333333,521.1333333333333,21217.3,2.8339433333333335,0.0,40.13333333333333
2004-05-01,16252.05760692326,53632.16129032258,12203.051964280487,624.5984897192517,,4.516129032258065,232.67741935483872,21111.548387096773,2.920048387096774,19.64516129032258,15.129032258064516
2004-06-01,17240.34099117973,55692.36666666667,12642.76523420033,608.6124885985216,,534.7166666666667,309.26666666666665,21037.2,2.9613533333333337,534.7166666666667,0.0
2004-07-01,17921.786124871574,54863.83870967742,12972.51891410123,582.3264711010191,,3604.483870967742,335.2258064516129,20979.709677419356,2.954512903225807,3604.483870967742,0.0
2004-08-01,18061.990717590237,55297.8064516129,13189.460111741359,593.9559925705075,,3927.935483870968,187.03225806451613,20895.451612903227,3.0153290322580637,3950.935483870968,23.0
2004-09-01,18199.870533958092,55265.066666666666,13182.843979482739,566.0570937932478,,4703.2,335.5,20729.033333333333,2.9980500000000005,4703.2,0.0
2004-10-01,18388.282908620746,55769.06451612903,13302.104459383589,539.6949465400229,,5512.903225806452,323.64516129032256,20616.0,2.969558064516129,5537.225806451613,24.322580645161292
2004-11-01,18719.6627167419,55937.7,13854.70483077993,541.6844053631792,,5747.966666666666,365.8666666666667,20512.466666666667,2.9541,5805.133333333333,57.166666666666664
2004-12-01,19309.877303829155,58826.06451612903,13930.340774626671,569.3446429274321,,5490.870967741936,486.38709677419354,20385.0,2.9719258064516128,5524.0,33.12903225806452
2005-01-01,19840.812045573748,58425.41935483871,14414.126760182298,186.6464700062084,,7570.709677419355,292.5483870967742,20310.645161290322,2.9471225806451606,7589.870967741936,19.161290322580644
2005-02-01,20526.33895275811,58237.17857142857,15134.691564408186,155.4089183105346,,7105.428571428572,498.92857142857144,19789.535714285714,2.915917857142857,7115.357142857143,9.928571428571429
2005-03-01,20741.36449414171,58252.25806451613,16103.363738779011,152.6221019780039,,5210.935483870968,521.483870967742,19147.58064516129,2.9251096774193552,5228.709677419355,17.774193548387096
2005-04-01,20618.344409417656,56286.96666666667,16901.825743440928,151.24948287767577,,5353.4,1468.2333333333333,18935.866666666665,2.901240000000001,5376.933333333333,23.533333333333335
2005-05-01,21601.63907092108,58540.54838709677,17968.169281428065,124.72893139780678,,5209.387096774193,889.0645161290323,18568.90322580645,2.891606451612904,5252.322580645161,42.935483870967744
2005-06-01,22559.427750824434,57637.066666666666,21483.55628207797,92.65122810236835,,5633.333333333333,732.6333333333333,18460.233333333334,2.882943333333335,5695.066666666667,61.733333333333334
2005-07-01,24015.042964801552,59872.8064516129,22842.292252395775,97.28450138379681,,4880.5161290322585,2337.3548387096776,18369.967741935485,2.869403225806451,4939.677419354839,59.16129032258065
2005-08-01,25079.904423647058,60049.6129032258,23944.173316937482,151.9283531832396,,7096.122580645161,1527.741935483871,18017.290322580644,2.8884645161290314,7157.316129032258,61.193548387096776
2005-09-01,25580.71544480843,58547.0,25303.745597723893,87.9122503449748,,7399.833333333333,1116.3666666666666,16228.5,2.9114899999999997,7443.8,43.96666666666667
2005-10-01,26046.71074778301,60712.06451612903,26619.308839201196,122.26746718592308,,4810.774193548387,1126.6451612903227,15060.90322580645,2.9647870967741925,4942.612903225807,131.83870967741936
2005-11-01,26500.958584641754,61692.53333333333,26562.867791635974,140.32569860190424,,4570.433333333333,1562.8333333333333,14893.1,2.966879999999999,4847.833333333333,277.4
2005-12-01,27262.4058555221,61980.1935483871,25989.1513297663,142.25728161248517,,5422.387096774193,1226.6774193548388,14128.612903225807,3.0136258064516124,5659.290322580645,236.90322580645162
2006-01-01,19607.683778502298,65734.35483870968,25578.840844996554,218.61908868296902,,3536.8387096774195,1749.483870967742,13543.354838709678,3.045441935483871,3908.0967741935483,371.258064516129
2006-02-01,20058.79893361177,65356.71428571428,25725.631316447518,180.59039992242396,,4141.582142857143,1726.9642857142858,11903.642857142857,3.0685535714285708,4316.582142857143,175.0
2006-03-01,20872.66839025309,65418.48387096774,27751.11021223641,112.19880155851999,,2608.296774193548,3170.6451612903224,9545.935483870968,3.0758096774193544,3093.716129032258,485.4193548387097
2006-04-01,21865.790643640747,67431.3,27845.43842282831,114.20574885146019,,2932.766666666667,3035.233333333333,9094.1,3.06742,3316.866666666667,384.1
2006-05-01,23691.466643454234,68741.0,29115.052387634114,113.9148191900702,,5305.096774193548,3661.9032258064517,8995.193548387097,3.053229032258064,5592.387096774193,287.2903225806452
2006-06-01,24837.243459846322,70096.2,30337.597942664986,114.99800082973557,,5549.0,4512.966666666666,8971.2,3.08059,5737.933333333333,188.93333333333334
2006-07-01,26041.48176873208,72469.74193548386,32484.818568505823,115.06709652797905,,4733.096774193548,3231.3225806451615,8930.322580645161,3.0821935483870964,4930.806451612903,197.70967741935485
2006-08-01,27023.60180531968,74635.51612903226,34561.87086191382,70.8311954277597,,4969.193548387097,752.6774193548387,8724.064516129032,3.0783870967741938,5152.0,182.80645161290323
2006-09-01,27739.49738280611,76348.66666666667,36831.03128190404,55.92012924830325,,2982.733333333333,862.9,8517.5,3.0996200000000007,3107.866666666667,125.13333333333334
2006-10-01,28389.583197119362,77729.3870967742,37820.50267539668,55.59682230483669,,3252.4193548387098,654.3225806451613,8431.677419354839,3.09846129032258,3308.1612903225805,55.74193548387097
2006-11-01,29760.028946123683,80261.36666666667,39532.3408553565,55.1913421808991,,3318.1,574.7666666666667,8372.466666666667,3.075829999999999,3400.8333333333335,82.73333333333333
2006-12-01,31167.122699482483,84817.96774193548,39625.57820079671,54.89887941977095,,1665.8709677419354,2041.258064516129,7913.322580645161,3.0601193548387093,1769.5483870967741,103.6774193548387
2007-01-01,32827.50114916266,85331.6129032258,41041.91258998968,55.17020706470703,,4037.0,3903.4193548387098,6511.354838709677,3.084922580645162,4045.1935483870966,8.193548387096774
2007-02-01,34225.55619138565,84072.46428571429,44884.97622567032,55.530252319592435,,5507.357142857143,3366.8928571428573,6432.535714285715,3.1026321428571433,5507.357142857143,0.0
2007-03-01,35875.78996539419,85229.12903225806,48129.891590548825,55.67825099525886,,4058.5806451612902,5155.032258064516,5514.612903225807,3.100509677419355,4090.516129032258,31.93548387096774
2007-04-01,37646.7,86353.73333333334,50577.61271447557,56.743997539447236,,5293.666666666667,6386.6,5435.633333333333,3.0913333333333326,5298.1,4.433333333333334
2007-05-01,39632.51612903226,88023.09677419355,54417.05721008123,56.556388736683125,,5681.645161290323,5635.387096774193,5364.548387096775,3.0808677419354846,5683.967741935484,2.3225806451612905
2007-06-01,41937.63333333333,90336.0,57793.307437042226,56.51172730541986,,3303.6,8092.433333333333,4571.566666666667,3.0787766666666667,3303.6,0.0
2007-07-01,43869.12903225807,94370.09677419355,59048.86854630328,57.083514817611736,,2529.935483870968,7051.290322580645,3685.1612903225805,3.11,2594.7419354838707,64.80645161290323
2007-08-01,43730.8064516129,96102.57483870967,58251.47398810343,57.85418949108798,,2504.1774193548385,3209.516129032258,3439.2903225806454,3.152693548387097,2550.5806451612902,46.403225806451616
2007-09-01,42931.46666666667,95727.2,56947.49327754592,48.191106773676786,,2777.0333333333333,2648.633333333333,3422.4333333333334,3.147863333333333,3535.0,757.9666666666667
2007-10-01,42723.41935483871,96248.7741935484,55836.22084167838,0.24286952602048031,,2241.1935483870966,1461.741935483871,3325.3548387096776,3.160883870967742,2622.4193548387098,381.2258064516129
2007-11-01,43792.3,97893.33333333333,53952.8548029657,0.24085723037482323,,1589.0333333333333,3039.8333333333335,3289.9,3.135169999999999,2270.3,681.2666666666667
2007-12-01,45710.79387096774,104913.0,51079.6016103751,0.24122467265679481,,2239.9032258064517,3232.1935483870966,3256.3870967741937,3.140706451612902,2491.6129032258063,251.70967741935485
2008-01-01,46910.032258064515,106424.19354838709,50622.916676839275,0.0078004760617753,,7261.935483870968,5580.129032258064,3222.967741935484,3.1440516129032265,7323.677419354839,61.74193548387097
2008-02-01,48407.379310344826,104160.55172413793,52872.93522469422,0.0,,10413.827586206897,4865.241379310345,3199.6206896551726,3.158,10423.724137931034,9.89655172413793
2008-03-01,50039.096774193546,107596.06451612903,55079.66519096696,0.0,,8348.451612903225,5242.806451612903,3166.935483870968,3.154683870967742,8348.516129032258,0.06451612903225806
2008-04-01,50329.86666666667,108637.86666666667,55082.687678346854,0.0,,7718.766666666666,5612.7,3123.0,3.1665266666666674,7718.766666666666,0.0
2008-05-01,49448.83870967742,109230.7741935484,53046.27083327117,0.0,,6158.032258064516,5565.645161290323,3095.1290322580644,3.1518322580645166,6272.774193548387,114.74193548387096
2008-06-01,47918.333333333336,110496.9,49945.52606796143,0.0,,4665.7,7669.8,2982.766666666667,3.0444033333333334,4681.566666666667,15.866666666666667
2008-07-01,47600.41935483871,111143.96774193548,47985.21486679328,0.0,,9639.645161290322,5718.225806451613,2937.064516129032,3.0221967741935494,9709.90322580645,70.25806451612904
2008-08-01,47300.3870967742,112481.87096774194,48143.125672077746,0.0,,10964.90322580645,3920.3548387096776,2766.3225806451615,3.0335032258064523,11121.774193548386,156.8709677419355
2008-09-01,47072.23333333333,113445.00333333334,48687.73148918582,0.0,,10951.008,2724.8333333333335,2712.8333333333335,3.0831066666666667,11064.1,113.09200000000001
2008-10-01,46608.1935483871,115319.29032258065,47547.30967577311,0.0,,8852.460967741934,892.1290322580645,2659.1612903225805,3.234809677419356,8946.322580645161,93.86161290322579
2008-11-01,45663.53333333333,116585.66666666667,44292.3772908816,0.0,,9053.033333333333,457.56666666666666,2612.4333333333334,3.3320033333333337,9085.566666666668,32.53333333333333
2008-12-01,46198.3870967742,123660.2258064516,39363.59802764066,0.0,,7885.451612903225,1118.0645161290322,2571.2258064516127,3.4254,10187.290322580646,2301.8387096774195
2009-01-01,46789.354838709674,124069.7741935484,38117.87223284185,0.0,,13174.322580645161,1463.4193548387098,2548.0,3.4631967741935474,15795.064516129032,2620.7419354838707
2009-02-01,47058.03571428572,122633.5,38445.222948119954,0.0,,14442.92857142857,1754.357142857143,2238.0,3.511103571428572,15995.07142857143,1552.142857142857
2009-03-01,46933.45161290323,122584.0,35520.7856003212,0.0,,15908.645161290322,3133.1612903225805,2112.032258064516,3.653232258064518,16476.354838709678,567.7096774193549
2009-04-01,46268.23333333333,123569.43333333333,34786.600227014285,0.0,,15048.426000000001,2438.4666666666667,2060.3,3.6920333333333324,15177.723999999998,129.298
2009-05-01,46556.25806451613,126271.35483870968,35153.00842422626,0.0,,16224.935483870968,5357.774193548387,1998.483870967742,3.7267225806451605,16262.09677419355,37.16129032258065
2009-06-01,46385.13333333333,129179.06666666667,33823.66202453147,0.0,,14847.333333333334,7789.6,1896.4333333333334,3.7685866666666654,14886.333333333334,39.0
2009-07-01,45992.16129032258,133425.7741935484,33109.50132307795,0.0,,11798.483870967742,9241.387096774193,1799.9032258064517,3.8089161290322577,11834.774193548386,36.29032258064516
2009-08-01,44850.82394901522,135215.70967741936,34925.57160619284,0.0,,12519.645161290322,1791.8387096774193,1629.6451612903227,3.8391000000000015,12804.709677419354,285.06451612903226
2009-09-01,45192.77823067278,137159.33333333334,38605.100614848925,0.0,,10341.766666666666,1141.2666666666667,1510.4,3.8427899999999995,10876.933333333332,535.1666666666666
2009-10-01,45733.032258064515,136401.1935483871,40923.591148692336,0.0,,10566.290322580646,835.258064516129,1364.6451612903227,3.826716129032259,10964.032258064517,397.741935483871
2009-11-01,46803.833333333336,137754.96666666667,44113.12577285458,0.0,,9703.133333333333,2228.766666666667,1253.2666666666667,3.8112633333333332,10095.933333333332,392.8
2009-12-01,47716.67961659057,147898.16129032258,44593.11436457144,0.0,,6924.774193548387,6300.419354838709,1131.967741935484,3.806154838709677,6959.096774193548,34.32258064516129
2010-01-01,48116.401037670745,151321.90322580645,43571.422962358345,0.0,,11430.225806451614,1573.5806451612902,1120.483870967742,3.8045612903225803,11459.90322580645,29.677419354838708
2010-02-01,47958.67857142857,147234.2857142857,43395.320321653024,0.0,,17024.071428571428,1059.3214285714287,1109.892857142857,3.8520892857142863,17024.10714285714,0.03571428571428571
2010-03-01,47681.903225806454,148374.93548387097,45806.01813925313,0.0,,13535.09677419355,25706.0,1101.6774193548388,3.8625096774193546,13535.09677419355,0.0
2010-04-01,47551.833333333336,161572.26666666666,48156.51192415745,0.0,,14766.266666666666,12543.066666666668,1092.7,3.8754466666666683,14766.266666666666,0.0
2010-05-01,48470.68021779901,168093.16129032258,50317.321253986614,0.0,,16088.387096774193,12128.709677419354,1085.8709677419354,3.9014741935483874,16088.387096774193,0.0
2010-06-01,49228.98772521095,169720.56666666668,53197.321423906535,0.0,,15801.866666666667,12389.666666666666,1205.7333333333333,3.9261800000000004,15801.866666666667,0.0
2010-07-01,50448.48701695172,175542.06451612903,56108.63544702558,0.0,,15021.032258064517,9752.129032258064,1363.5806451612902,3.934977419354838,15021.032258064517,0.0
2010-08-01,50209.65263363547,173296.25806451612,61231.373402645535,0.0,,13266.548387096775,10870.90322580645,1291.483870967742,3.9373129032258056,13266.548387096775,0.0
2010-09-01,50920.09287513706,175625.43333333332,66234.5568872893,0.0,,13087.0,7517.3,1276.2666666666667,3.9510466666666675,13087.0,0.0
2010-10-01,51606.910269150125,184462.93548387097,69126.60772547919,0.0,,12220.322580645161,5724.322580645161,1266.4516129032259,3.956864516129032,12223.483870967742,3.161290322580645
2010-11-01,52236.08619729621,188804.3,69704.55381110332,0.0,,12406.6,9750.2,1257.0333333333333,3.9678566666666666,12406.6,0.0
2010-12-01,52132.307526504104,196780.0,70713.20486930356,0.0,,9304.935483870968,6871.1612903225805,1273.774193548387,3.9772516129032263,9304.935483870968,0.0
2011-01-01,52364.92451427913,203172.64516129033,72842.91191350386,0.0,,11743.967741935483,28465.967741935485,1302.774193548387,3.981435483870967,11743.967741935483,0.0
2011-02-01,52427.03571428572,202416.7142857143,76410.24476546688,0.0,,11162.535714285714,39198.03571428572,1328.3214285714287,4.022307142857143,11162.535714285714,0.0
2011-03-01,52287.096774193546,201115.5806451613,79331.60938513002,0.0,,13010.709677419354,36426.709677419356,1341.2903225806451,4.036535483870968,13010.709677419354,0.0
2011-04-01,51637.3,203890.53333333333,82774.59081566757,0.0,,13460.466666666667,35300.53333333333,1421.6666666666667,4.066126666666666,13460.466666666667,0.0
2011-05-01,51986.8064516129,209007.83870967742,84040.45629191959,0.0,,13549.129032258064,33323.709677419356,1601.4516129032259,4.0838580645161295,13549.129032258064,0.0
2011-06-01,52094.3,211636.2,86178.1498016424,0.0,,10118.8,33165.433333333334,1806.6666666666667,4.095523333333333,10118.8,0.0
2011-07-01,51852.1935483871,220328.4193548387,85445.6269482888,0.0,,6675.387096774193,28734.58064516129,1465.4193548387098,4.1276806451612895,6717.4838709677415,42.12903225806452
2011-08-01,50387.77419354839,225314.35483870967,80266.15855035992,0.0,,12029.483870967742,16456.548387096773,889.6129032258065,4.168558064516129,12029.483870967742,0.0
2011-09-01,49421.0,224272.8,77896.2896704168,0.0,,10155.466666666667,15540.4,1187.4333333333334,4.205006666666666,10155.466666666667,0.0
2011-10-01,48038.06451612903,224788.0,75595.54194684415,0.0,,9587.290322580646,13652.41935483871,1515.1612903225807,4.220954838709677,9593.741935483871,6.451612903225806
2011-11-01,46464.73333333333,223129.4,70114.71493548903,0.0,,9913.966666666667,11482.133333333333,1767.7666666666667,4.25991,9913.966666666667,0.0
2011-12-01,45982.51612903226,236049.1258064516,65208.899248590824,0.0,,12334.838709677419,7986.258064516129,1983.6451612903227,4.28786129032258,12334.838709677419,0.0
2012-01-01,46557.290322580644,249274.83870967742,69348.65127765333,0.0,,15992.032258064517,2059.2903225806454,2125.6774193548385,4.319719354838709,15992.032258064517,0.0
2012-02-01,46811.206896551725,236910.3103448276,74690.73567755136,0.0,,26172.241379310344,1394.2413793103449,2299.551724137931,4.347506896551724,26172.241379310344,0.0
2012-03-01,47168.25806451613,247736.51612903227,76798.58551357199,0.0,,20884.290322580644,1910.774193548387,2371.2903225806454,4.3557225806451605,20884.290322580644,0.0
2012-04-01,47462.333333333336,251340.3,77749.60279810196,0.0,,23565.6,3509.0666666666666,2461.0666666666666,4.396693333333333,23565.6,0.0
2012-05-01,47435.77419354839,253442.51612903227,80550.81025573434,0.0,,28391.935483870966,9682.193548387097,2780.3225806451615,4.44907741935484,28391.935483870966,0.0
2012-06-01,46603.63333333333,261544.36666666667,81983.14701860423,0.0,,19766.9,7990.6,3016.5333333333333,4.4969666666666654,19766.9,0.0
2012-07-01,46647.1935483871,277584.0,81588.05518941865,0.0,,18976.935483870966,14812.516129032258,3187.5806451612902,4.551841935483872,18976.935483870966,0.0
2012-08-01,45256.63636363636,286894.8181818182,82592.63698208795,0.0,,18015.909090909092,14355.954545454546,3241.8636363636365,4.609827272727273,18015.909090909092,0.0
2012-09-01,45228.03333333333,292106.5333333333,84295.38091760407,0.0,,16505.166666666668,11957.433333333332,3322.8,4.669746666666667,16505.166666666668,0.0
2012-10-01,45062.22727272727,298922.3181818182,84165.41889802355,0.0,,16999.772727272728,8881.454545454546,3419.909090909091,4.729850000000001,16999.772727272728,0.0
2012-11-01,45314.9,308914.1,82708.47027319742,0.0,,17984.95,13283.4,3525.45,4.797389999999999,17984.95,0.0
2012-12-01,44134.0,331591.0,80377.45178471318,0.0,,16923.25806451613,9213.258064516129,3594.1290322580644,4.880780645161291,16923.25806451613,0.0
2013-01-01,42953.93548387097,339512.87096774194,83261.19696779041,0.0,,21350.451612903227,6027.096774193548,3724.483870967742,4.947641935483871,21350.451612903227,0.0
2013-02-01,42180.857142857145,331799.85714285716,93122.92296480646,0.0,,17400.14285714286,3933.3214285714284,3906.25,5.0085107142857135,17400.14285714286,0.0
2013-03-01,41152.903225806454,336012.51612903224,96576.62435191536,0.0,,11755.967741935483,2853.9032258064517,3971.0,5.087254838709676,11755.967741935483,0.0
2013-04-01,40075.23333333333,337486.0333333333,94574.89864911906,0.0,,14687.633333333333,2774.5,4004.9666666666667,5.153176666666665,14687.633333333333,0.0
2013-05-01,39015.3870967742,341851.77419354836,94742.51822077985,0.0,,14736.548387096775,838.3548387096774,4098.419354838709,5.235774193548387,14736.548387096775,0.0
2013-06-01,38233.96666666667,353465.8,94597.02470941216,0.0,,11200.633333333333,3599.8,4240.133333333333,5.3303199999999995,11200.633333333333,0.0
2013-07-01,37310.16129032258,368286.8064516129,92908.00477880717,0.0,,9839.806451612903,6042.387096774193,4355.741935483871,5.440148387096776,9839.806451612903,0.0
2013-08-01,37001.22580645161,372531.3548387097,94630.60475546481,0.0,,14752.483870967742,10511.645161290322,4486.5161290322585,5.581006451612904,14752.483870967742,0.0
2013-09-01,35611.76666666667,379988.0333333333,99490.83178670098,0.0,,14953.033333333333,39773.5,4576.6,5.73681,14953.033333333333,0.0
2013-10-01,34221.22727272727,387979.54545454547,102376.63480942468,0.0,,12972.954545454546,23793.545454545456,4684.863636363636,5.848195454545455,12972.954545454546,0.0
2013-11-01,32244.366666666665,394193.7,101620.98355199663,0.0,,13538.833333333334,12719.5,4750.833333333333,6.011690000000001,13538.833333333334,0.0
2013-12-01,30611.74193548387,425082.32258064515,96925.22075627653,0.0,,5957.387096774193,9477.612903225807,4723.1612903225805,6.338141935483872,5957.387096774193,0.0
2014-01-01,29620.677419354837,446978.32258064515,98895.81288705606,14.185714519609721,,10501.806451612903,6390.264516129033,4747.580645161291,7.055135483870968,10501.806451612903,0.0
2014-02-01,27678.05,422916.25,121702.29138719627,2445.267079747174,,17293.321428571428,1419.8214285714287,4776.535714285715,7.8621,17293.321428571428,0.0
2014-03-01,27331.483870967742,417212.3548387097,130685.59287112538,5239.9595920920465,,11512.838709677419,2955.483870967742,4757.870967741936,7.926448387096773,11512.838709677419,0.0
2014-04-01,27679.933333333334,419314.1,139905.39701325406,6592.5765708132885,,18670.633333333335,2488.7,4778.233333333334,8.001099999999997,18670.633333333335,0.0
2014-05-01,28386.387096774193,411391.55806451617,156577.6373625015,7345.2905494101415,,12662.225806451614,7790.0,4730.935483870968,8.038567741935482,12662.225806451614,0.0
2014-06-01,28862.766666666666,426899.6,166041.56824551852,7527.589334048714,,11153.9,4456.466666666666,4807.2,8.126483333333333,11153.9,0.0
2014-07-01,29519.16129032258,446161.9032258064,170846.23630237707,7161.198152122482,,12072.032258064517,4258.0,4741.129032258064,8.159080645161293,12072.032258064517,0.0
2014-08-01,28861.387096774193,452701.77419354836,182258.83180921487,6866.229346007225,,14741.90322580645,2979.5806451612902,4650.451612903225,8.316654838709677,14741.90322580645,0.0
2014-09-01,28280.566666666666,457356.06666666665,196906.38692579666,6464.727343511818,,19953.8,3052.233333333333,4555.533333333334,8.419329999999999,19953.8,0.0
2014-10-01,27569.83870967742,465185.87096774194,206870.0305175199,6180.3406578660315,,18800.74193548387,13458.161290322581,4450.903225806452,8.479222580645162,18800.74193548387,0.0
2014-11-01,28476.966666666667,474149.63333333336,215370.8832364618,5934.856176544485,,14969.933333333332,6720.833333333333,4355.266666666666,8.513503333333336,14969.933333333332,0.0
2014-12-01,30232.774193548386,513245.12903225806,221064.22804322484,5656.896454848576,,14702.290322580646,32949.83870967742,4230.967741935484,8.550780645161295,14702.290322580646,0.0
2015-01-01,31274.645161290322,528381.5806451613,237378.0651600613,5960.359045386821,,25736.41935483871,23889.870967741936,4131.096774193548,8.599493548387098,25736.41935483871,0.0
2015-02-01,31349.964285714286,527636.1785714285,262753.07340271544,6082.877305801123,,20705.428571428572,7275.357142857143,4139.928571428572,8.684421428571428,20705.428571428572,0.0
2015-03-01,31431.548387096773,531861.6774193548,270543.3287135502,9310.43913494561,,16532.677419354837,4845.645161290323,4090.2903225806454,8.780138709677422,16532.677419354837,0.0
2015-04-01,31998.8,526155.7,264832.8066021848,13932.01779776863,,18495.25,8680.1,3969.3,8.865739999999999,18495.25,0.0
2015-05-01,33796.16129032258,537836.4838709678,272518.97310232907,15119.255548109286,,16015.935483870968,20219.709677419356,3848.5806451612902,8.947619354838709,16015.935483870968,0.0
2015-06-01,33680.03333333333,557644.8666666667,276771.78739001014,15439.884333863998,,20892.7,18128.366666666665,3704.8,9.042769999999997,20892.7,0.0
2015-07-01,33871.55161290322,589761.5870967743,283761.8973808737,16132.666452609916,,19795.677419354837,11692.387096774193,3575.4032258064517,9.139654838709676,19795.677419354837,0.0
2015-08-01,33720.709677419356,602298.2258064516,287230.3511181821,17072.747519806395,,17429.41935483871,9213.258064516129,3450.5806451612902,9.241564516129033,17429.41935483871,0.0
2015-09-01,33423.333333333336,609353.0666666667,286854.9153732403,19039.889546014336,,17884.733333333334,13343.733333333334,3316.3333333333335,9.365346666666666,17884.733333333334,0.0
2015-10-01,28144.433333333334,630387.4333333333,278104.5342905984,18469.194374118386,,18461.366666666665,31467.766666666666,3182.5,9.485520000000001,18461.366666666665,0.0
2015-11-01,26193.233333333334,651365.9666666667,272563.04454938124,18455.831973170953,,32085.9,20489.7,3068.1,9.627663333333334,32085.9,0.0
2015-12-01,24815.645161290322,738080.4193548387,257747.5093470087,20044.652871352606,,34576.67741935484,17119.709677419356,2943.451612903226,11.387216129032257,34576.67741935484,0.0
2016-01-01,25967.83870967742,742341.4516129033,337176.54557954177,0.0,,22852.870967741936,3465.548387096774,2816.516129032258,13.611393548387095,22852.870967741936,0.0
2016-02-01,29359.206896551725,683903.448275862,388558.44484642503,0.0,,29301.206896551725,2255.5862068965516,2678.896551724138,14.797227586206896,29397.758620689656,96.55172413793103
2016-03-01,28861.870967741936,703837.4838709678,391670.9931270528,0.0,,18746.16129032258,2475.1290322580644,2522.4193548387098,14.908558064516129,20570.290322580644,1824.1290322580646
2016-04-01,31015.466666666667,709206.6,428170.3639133478,0.0,,20169.333333333332,31973.933333333334,2386.0,14.420890000000002,22100.933333333334,1931.6
2016-05-01,31581.09677419355,725108.1612903225,469647.2471498359,0.0,,33517.6129032258,63175.709677419356,2276.6451612903224,14.132358064516133,33517.6129032258,0.0
2016-06-01,31484.733333333334,782008.4,501273.32010503317,0.0,,35874.86666666667,23606.533333333333,2139.8,14.101933333333337,35874.9,0.03333333333333333
2016-07-01,33231.06451612903,841559.9677419355,520375.86530157854,0.0,,33531.32258064516,17495.064516129034,2019.9354838709678,14.910083870967739,33531.32258064516,0.0
2016-08-01,32141.451612903227,839943.7096774194,572097.9281237337,0.0,,29376.322580645163,13911.516129032258,1880.4516129032259,14.841706451612898,29376.322580645163,0.0
2016-09-01,30886.233333333334,836700.8,600212.0756294499,0.0,,33137.36666666667,2865.266666666667,1760.0,15.087713333333339,33137.36666666667,0.0
2016-10-01,36430.1935483871,887331.6774193548,624540.4787242803,0.0,,36146.93548387097,61260.709677419356,1657.483870967742,15.183538709677418,36146.93548387097,0.0
2016-11-01,37705.2,969712.6333333333,660680.2362201837,0.0,,36876.7,18328.933333333334,1540.7333333333333,15.343293333333333,37004.0,127.3
2016-12-01,37853.48387096774,1022093.0322580645,630014.6002325701,0.0,,50305.6129032258,24403.290322580644,1454.7096774193549,15.842938709677412,50739.41935483871,433.80645161290323
2017-01-01,41153.967741935485,1076371.5806451612,607209.7466546078,0.0,,77536.51612903226,35175.22580645161,1349.774193548387,15.892941935483869,77753.87096774194,217.3548387096774
2017-02-01,48464.07142857143,1175568.0357142857,583255.329504786,0.0,,130693.03571428571,24838.928571428572,1257.5,15.576567857142852,130693.03571428571,0.0
2017-03-01,51488.032258064515,1173316.2903225806,613991.1035769345,0.0,,197324.74193548388,16331.387096774193,1165.3225806451612,15.526470967741933,197324.74193548388,0.0
2017-04-01,50371.63333333333,1108212.4666666666,709741.2819672229,0.0,,137700.46666666667,38779.333333333336,1085.5,15.344270000000003,137700.46666666667,0.0
2017-05-01,47707.25806451613,1050401.2903225806,792229.3108778393,0.0,,128881.87096774194,25923.129032258064,998.4193548387096,15.694477419354842,128881.87096774194,0.0
2017-06-01,45375.7993802216,1046579.4666666667,847758.0472103561,0.0,,108552.83333333333,19850.9,920.2666666666667,16.088586666666664,108552.83333333333,0.0
2017-07-01,47931.77419354839,1119722.6451612904,866720.1700964022,0.0,,76027.48387096774,26569.967741935485,849.7741935483871,17.14967419354839,76328.93548387097,301.4516129032258
2017-08-01,48353.45161290323,1146136.5483870967,901738.4050847038,0.0,,53452.45161290323,21022.677419354837,770.7096774193549,17.42523548387097,54391.41935483871,938.9677419354839
2017-09-01,50837.26666666667,1159456.8,959054.1200170178,0.0,,42150.166666666664,19246.833333333332,697.2666666666667,17.23093666666667,45252.833333333336,3102.6666666666665
2017-10-01,51692.48387096774,1126217.5483870967,1012854.4427372037,0.0,,66380.41935483871,18341.225806451614,628.0645161290323,17.459035483870966,66637.06451612903,256.64516129032256
2017-11-01,53992.433333333334,1149801.8333333333,1042470.2337899546,0.0,,73251.73666666666,31469.166666666668,560.8666666666667,17.492576666666665,73262.46666666666,10.729999999999999
2017-12-01,55581.92580645161,1236387.2258064516,1034309.2440001409,0.0,,60310.61935483871,31469.451612903227,501.0,17.723309677419355,63989.0,3678.3806451612904
2018-01-01,60625.74838709678,1334006.1612903227,1050997.0390404493,0.0,40834.4285749355,32588.774193548386,49812.16129032258,437.96774193548384,19.017193548387098,33377.74193548387,788.9677419354839
2018-02-01,62300.26785714285,1313697.3142857146,1129892.3197180044,0.0,90218.67507128578,16364.374999999996,20476.47857142857,384.2142857142855,19.853924999999997,16714.489285714284,350.11428571428576
2018-03-01,61756.30645161288,1274733.2645161292,1145582.6024383286,0.0,127691.7900481922,23138.651612903217,27627.303225806456,334.0032258064518,20.23240322580645,23203.148387096768,64.49677419354839
2018-04-01,60762.77666666666,1279081.2733333334,1148118.358425685,0.0,124861.0719853464,20526.530000000002,41495.69666666666,292.21666666666664,20.267899999999994,21447.29666666667,920.7666666666667
2018-05-01,54008.86451612905,1302975.5419354837,1148668.121821614,0.0,39459.032169540216,8155.909677419355,20512.854838709674,247.85483870967747,23.563558064516123,9040.619354838711,884.7096774193549
2018-06-01,53347.166666666664,1395229.5733333335,1041939.7835381408,0.0,7879.635136232553,24460.07333333333,127759.27666666666,206.33333333333334,26.60973666666667,24460.07333333333,0.0
2018-07-01,60102.848387096754,1493614.8516129032,919733.5355020728,0.0,82189.82699520305,15987.687096774192,320375.82258064515,170.03548387096777,27.668319354838708,15987.687096774192,0.0
2018-08-01,55909.903225806454,1622324.7709677422,718476.4155443871,0.0,201863.58184300625,6608.806451612903,255067.77409212518,133.458064516129,29.884574193548392,6608.806451612903,0.0
2018-09-01,50302.67666666666,1772200.0666666667,449697.2662001989,0.0,316877.65282561607,10373.5,300600.9,105.0,38.54600333333334,10373.5,0.0
2018-10-01,48951.9258064516,1745807.835483871,244506.7109729248,0.0,506551.4372481217,7899.354838709677,293406.32258064515,78.18709677419355,37.034506451612906,7899.354838709677,0.0
2018-11-01,52631.34666666666,1729380.05,138031.36206425258,0.0,631128.8545755292,6232.76,448574.42000000004,59.06666666666667,36.338366666666666,6232.76,0.0
2018-12-01,56977.6677419355,1866972.006451613,37675.74488378175,0.0,700157.6915691525,9269.822580645161,412316.1225806452,41.21290322580645,37.895529032258054,9269.822580645161,0.0
2019-01-01,66171.57419354838,1895096.4161290321,0.0,0.0,806151.641193327,13202.129032258064,477448.0290322581,31.548387096774192,37.39590645161291,13202.129032258064,0.0
2019-02-01,66984.04642857141,1899749.8642857142,0.0,0.0,884762.3006388694,3172.160714285714,468448.9071428571,27.014285714285712,38.34004285714286,3172.160714285714,0.0
2019-03-01,67958.42580645162,1948962.7935483872,0.0,0.0,951856.6778404159,3412.325806451613,494490.01612903224,24.067741935483873,41.1895193548387,3412.325806451613,0.0
2019-04-01,72678.57333333332,2008309.55,0.0,0.0,992903.3504084831,1199.0033333333333,677931.9333333333,20.796666666666667,43.10660333333335,1199.0033333333333,0.0
2019-05-01,67700.96774193548,2099045.541935484,0.0,0.0,1019241.0679499102,4430.451612903225,512720.0967741936,17.774193548387096,44.8808806451613,4430.451612903225,0.0
2019-06-01,64400.756666666675,2055875.9666666666,0.0,0.0,1093367.881478014,8037.1,439732.4,14.9,43.783440000000006,8037.1,0.0
2019-07-01,66133.21612903227,2040030.1612903227,0.0,0.0,1191880.4099993203,3208.3225806451615,437366.6129032258,12.580645161290322,42.4508064516129,3208.3225806451615,0.0
2019-08-01,62324.97419354838,2064637.677419355,0.0,0.0,1233526.5676039336,50543.58064516129,479203.0967741936,10.451612903225806,52.46450967741934,50543.58064516129,0.0
2019-09-01,50273.33666666668,1821522.4,0.0,0.0,1086197.5846496837,127686.36666666667,399598.63333333336,8.536666666666667,56.58660000000002,127686.36666666667,0.0
2019-10-01,46674.48064516129,1910469.2258064516,0.0,0.0,1016907.2682194655,185695.96774193548,211507.2258064516,6.451612903225806,58.514548387096774,185695.96774193548,0.0
2019-11-01,43488.15333333333,2041235.0,0.0,0.0,796628.3120541043,232982.23333333334,84706.13333333333,4.666666666666667,59.72722999999999,232982.23333333334,0.0
2019-12-01,44357.24838709678,2243814.806451613,0.0,0.0,728407.9575295092,432590.2580645161,52315.87096774193,2.5161290322580645,59.878493548387084,432590.2580645161,0.0
2020-01-01,45197.9806451613,2264261.1612903224,0.0,0.0,979210.7533087999,482226.4516129032,18045.0,1.2580645161290323,59.98913870967741,482226.4516129032,0.0
2020-02-01,44731.224137931036,2496114.0344827585,0.0,0.0,1362052.4028607318,20050.55172413793,18310.793103448275,0.3103448275862069,61.34256206896554,20050.55172413793,0.0
2020-03-01,44262.89032258064,2602201.5161290322,0.0,0.0,1471884.8522435308,17611.90322580645,48190.967741935485,0.0,63.24710967741936,17611.90322580645,0.0
2020-04-01,43734.670000000006,2852979.6333333333,0.0,0.0,1195536.6888620593,359478.4666666667,63570.76666666667,0.0,65.67531666666667,359478.4666666667,0.0
2020-05-01,43084.119354838724,2937553.35483871,0.0,0.0,1225369.367779842,609530.0677419355,132074.35483870967,0.0,67.70596774193548,609530.0677419355,0.0
2020-06-01,43051.15666666666,2891770.933333333,0.0,0.0,1613424.5838217072,588672.2,151864.23333333334,0.0,69.54899999999999,588672.2,0.0
2020-07-01,43312.84516129033,3056224.2580645164,0.0,0.0,1659949.966260978,693249.1935483871,107238.58064516129,0.0,71.37817096774192,693249.1935483871,0.0
2020-08-01,43152.29354838709,3155127.193548387,0.0,0.0,1777836.7340952759,664164.1290322581,92910.09677419355,0.0,73.24596774193549,664164.1290322581,0.0
2020-09-01,42350.33333333333,3220357.1333333333,0.0,0.0,1802772.573188897,710506.3833333333,46731.833333333336,0.0,75.18299999999999,710509.3,2.9166666666666665
2020-10-01,40739.42903225807,3236451.290322581,0.0,0.0,1671738.2179420434,871990.0645161291,86312.70967741935,0.0,77.53994516129032,871990.0645161291,0.0
2020-11-01,39164.24,3230808.7333333334,0.0,0.0,1599503.4404476038,846953.9333333333,56378.933333333334,0.0,79.89826000000001,846953.9333333333,0.0
2020-12-01,38898.25483870968,3335712.129032258,0.0,0.0,1605385.7655564814,1040553.5806451613,96604.29032258065,0.0,82.63784838709677,1040553.5806451613,0.0
2021-01-01,39610.43548387096,3537760.4838709678,0.0,0.0,1672276.6133704332,1025416.1032258065,71149.83870967742,0.0,85.84586129032257,1025416.1032258065,0.0
2021-02-01,39377.26071428573,3604167.464285714,1261.5357622214285,0.0,1758824.4212097267,955558.4285714285,74398.0,0.0,88.7239214285714,955558.4285714285,0.0
2021-03-01,39710.66129032258,3564399.806451613,6428.460973410322,0.0,1833513.0748182302,1177580.2580645161,55016.45161290323,0.0,91.09505806451612,1177580.2580645161,0.0
2021-04-01,40005.416666666664,3518479.3,10499.885365961669,0.0,1903512.2716579696,1379466.3833333335,62778.03333333333,0.0,92.72967666666665,1379466.3833333335,0.0
2021-05-01,41106.88387096774,3491668.193548387,13061.381676364519,0.0,1990888.2675173904,1560222.4955408322,54029.41935483871,0.0,94.09995161290323,1560222.4955408322,0.0
2021-06-01,42420.66333333334,3723367.1,11737.30583082067,0.0,1977485.2565075129,1543854.0300000003,144914.13333333333,0.0,95.25517333333337,1543854.0300000003,0.0
2021-07-01,42835.170967741935,3891728.870967742,10134.766357066777,0.0,1956563.6555234953,1760117.667741935,120140.90322580645,0.0,96.20941612903228,1760117.667741935,0.0
2021-08-01,43306.796774193564,4021268.290322581,10558.528878545814,0.0,2020265.7781678198,1894606.9944516127,59267.8064516129,0.0,97.19580967741935,1894606.9944516127,0.0
2021-09-01,44928.77333333334,4079986.4,12321.588562214334,0.0,2069265.8801960072,2027147.2633333341,88349.83333333333,0.0,98.26721666666667,2027150.1800000006,2.9166666666666665
2021-10-01,42919.70967741936,4180977.580645161,12409.820750719682,0.0,2092721.1396657317,2122027.3096774197,117825.74193548386,0.0,99.21570322580642,2122027.3387096776,0.02903225806451613
2021-11-01,42463.72,4350273.1,15456.28119136267,0.0,2058363.750827171,2250137.2999999993,174738.73333333334,0.0,100.32566333333332,2250137.2999999993,0.0
2021-12-01,40584.364516129026,4568621.838709678,18456.220496637416,0.0,2079410.028440922,2366669.84516129,178790.16129032258,0.0,101.87994838709675,2366669.84516129,0.0
2022-01-01,38963.63548387096,4942193.887096774,27093.54837493613,0.0,2751648.2048058473,1840824.6870967743,164159.32258064515,0.0,103.9293548387097,1840824.6870967743,0.0
2022-02-01,37252.314285714274,5032595.464285715,37464.92351551286,0.0,3563840.608518312,922634.6553571427,275070.1785714286,0.0,106.38476428571425,922634.6553571427,0.0
2022-03-01,38511.49032258063,4962283.838709678,47714.206152318715,0.0,3978465.6871763845,649856.329032258,476606.70967741933,0.0,109.36791612903227,649856.329032258,0.0
2022-04-01,43011.12666666667,4974395.1,48016.23537471934,0.0,4331487.541116594,564228.1566666666,923209.1,0.0,113.17777666666665,564228.1566666666,0.0
2022-05-01,41619.83870967741,5129954.774193549,48965.755842027414,0.0,4781006.072554811,572008.7806451614,688094.0967741936,0.0,117.78866129032261,572008.7806451614,0.0
2022-06-01,40779.70666666667,5378394.066666666,45094.81628230867,0.0,5152212.820190367,634403.0233333333,336655.8,0.0,122.65493333333335,634403.0233333333,0.0
2022-07-01,40335.07741935483,5730511.903225807,45010.27347608129,0.0,5644193.155095061,1027065.0870967741,520701.7419354839,0.0,128.3925806451613,1027065.0870967741,0.0
2022-08-01,37116.22258064516,5875020.645161291,44146.59729270837,0.0,5825223.30404153,944335.6580645159,463735.87096774194,0.0,135.26252258064514,944335.6580645159,0.0
2022-09-01,37173.99666666667,5809605.633333334,43681.542421703,20625.571461445335,6184526.426933707,1398556.2999999998,479692.9666666667,0.0,143.12683,1398559.2566666666,2.9566666666666666
2022-10-01,38732.15806451612,5917383.987096774,45468.041718522894,79574.17587867743,6898339.070300739,1450402.8290322574,686146.0,0.0,151.8687096774194,1450402.8290322574,0.0
2022-11-01,37897.11666666667,6264068.322633336,47990.797565405344,74651.23473408398,7130167.383078202,1636090.076666667,590561.2200000001,0.0,162.10161666666673,1636090.076666667,0.0
2022-12-01,40650.345161290315,6838972.45764516,53407.93874246579,76058.39213763419,7567281.047109601,2004089.8838709677,597489.5806451613,0.0,172.45186774193553,2004089.8838709677,0.0
2023-01-01,43198.67096774193,7588892.870967742,52961.13274333192,76548.52545854387,7810720.615565213,2182286.651612903,797564.9193548387,0.0,182.11865483870974,2182286.651612903,0.0
2023-02-01,39842.78571428572,7775391.135714286,51642.05341210894,62664.725767590375,8141112.406550973,2436599.7535714284,302397.0,0.0,191.9739107142857,2436638.0392857143,38.285714285714285
2023-03-01,37952.32258064516,7722522.29032258,53711.69605701644,50332.37481351,8458438.180120628,2878700.1903225817,210420.2258064516,0.0,202.91403870967744,2878700.1903225817,0.0
2023-04-01,37169.1,7814228.533333333,55681.38588641833,169268.83568927133,9053066.790735144,3029621.443333333,481446.1666666667,0.0,215.77599000000004,3029621.443333333,0.0
2023-05-01,33525.0,8005380.580645162,61786.47651573999,411905.81553293223,10034376.156989576,3289269.032258065,126096.12903225806,0.0,231.14381612903233,3289269.032258065,0.0
2023-06-01,31931.2,8271068.133333334,65789.39787381668,550993.3658270761,10817127.900065476,3663529.5900000003,283047.5333333333,0.0,248.30889333333332,3663529.5900000003,0.0
2023-07-01,26140.322580645163,8846469.709677419,66981.62204178292,554601.2593770148,11659430.525048297,3803047.6161290323,113141.64516129032,0.0,266.0470451612903,3803047.6161290323,0.0
2023-08-01,25131.354838709678,9637385.161290323,82154.1829595971,821470.2214718063,12458885.850000784,5148609.148387096,707618.2580645161,0.0,321.6182935483872,5148609.148387096,0.0
